d_major_name,d_length,d_level
Agricultural Business and Management,3,Bachelor's Degree
Agricultural Business and Management,5,Master's Degree
Agricultural Production Operations,3,Bachelor's Degree
Agricultural Production Operations,5,Master's Degree
Agricultural Production Operations,6,Doctoral Degree
Animal Sciences,3,Bachelor's Degree
Animal Sciences,5,Master's Degree
Animal Sciences,6,Doctoral Degree
Food Science and Technology,3,Bachelor's Degree
Plant Sciences,3,Bachelor's Degree
Plant Sciences,4,Post-baccalaureate Certificate
Plant Sciences,5,Master's Degree
Plant Sciences,6,Doctoral Degree
Plant Sciences,8,Graduate/Professional Certificate
Natural Resources Conservation and Research,3,Bachelor's Degree
Natural Resources Conservation and Research,5,Master's Degree
Natural Resources Management and Policy,3,Bachelor's Degree
Forestry,3,Bachelor's Degree
Forestry,5,Master's Degree
Forestry,6,Doctoral Degree
Wildlife and Wildlands Science and Management,3,Bachelor's Degree
Architecture,3,Bachelor's Degree
"City/Urban, Community and Regional Planning",5,Master's Degree
Environmental Design,3,Bachelor's Degree
Interior Architecture,3,Bachelor's Degree
Landscape Architecture,5,Master's Degree
Real Estate Development,5,Master's Degree
Communication and Media Studies,3,Bachelor's Degree
Communication and Media Studies,5,Master's Degree
Journalism,3,Bachelor's Degree
"Radio, Television, and Digital Communication",3,Bachelor's Degree
"Public Relations, Advertising, and Applied Communication",3,Bachelor's Degree
"Computer and Information Sciences, General",3,Bachelor's Degree
"Education, General",5,Master's Degree
"Education, General",8,Graduate/Professional Certificate
Educational Administration and Supervision,4,Post-baccalaureate Certificate
Educational Administration and Supervision,5,Master's Degree
Educational Administration and Supervision,6,Doctoral Degree
Educational Administration and Supervision,8,Graduate/Professional Certificate
Educational/Instructional Media Design,5,Master's Degree
Special Education and Teaching,3,Bachelor's Degree
Special Education and Teaching,4,Post-baccalaureate Certificate
Special Education and Teaching,5,Master's Degree
Special Education and Teaching,6,Doctoral Degree
Special Education and Teaching,8,Graduate/Professional Certificate
Student Counseling and Personnel Services,5,Master's Degree
Student Counseling and Personnel Services,6,Doctoral Degree
Student Counseling and Personnel Services,8,Graduate/Professional Certificate
"Teacher Education and Professional Development, Specific Levels and Methods",3,Bachelor's Degree
"Teacher Education and Professional Development, Specific Levels and Methods",4,Post-baccalaureate Certificate
"Teacher Education and Professional Development, Specific Levels and Methods",5,Master's Degree
"Teacher Education and Professional Development, Specific Levels and Methods",6,Doctoral Degree
"Teacher Education and Professional Development, Specific Levels and Methods",8,Graduate/Professional Certificate
"Teacher Education and Professional Development, Specific Subject Areas",3,Bachelor's Degree
"Teacher Education and Professional Development, Specific Subject Areas",4,Post-baccalaureate Certificate
"Teacher Education and Professional Development, Specific Subject Areas",5,Master's Degree
"Teacher Education and Professional Development, Specific Subject Areas",6,Doctoral Degree
"Teacher Education and Professional Development, Specific Subject Areas",8,Graduate/Professional Certificate
"Aerospace, Aeronautical and Astronautical Engineering",3,Bachelor's Degree
"Aerospace, Aeronautical and Astronautical Engineering",5,Master's Degree
"Aerospace, Aeronautical and Astronautical Engineering",6,Doctoral Degree
Architectural Engineering,3,Bachelor's Degree
Architectural Engineering,4,Post-baccalaureate Certificate
Architectural Engineering,5,Master's Degree
Architectural Engineering,8,Graduate/Professional Certificate
Chemical Engineering,3,Bachelor's Degree
Chemical Engineering,5,Master's Degree
Chemical Engineering,6,Doctoral Degree
Civil Engineering,3,Bachelor's Degree
Civil Engineering,5,Master's Degree
Civil Engineering,6,Doctoral Degree
Computer Engineering,3,Bachelor's Degree
Computer Engineering,5,Master's Degree
Computer Engineering,6,Doctoral Degree
"Electrical, Electronics and Communications Engineering",3,Bachelor's Degree
"Electrical, Electronics and Communications Engineering",5,Master's Degree
"Electrical, Electronics and Communications Engineering",6,Doctoral Degree
Materials Engineering,3,Bachelor's Degree
Materials Engineering,5,Master's Degree
Materials Engineering,6,Doctoral Degree
Mechanical Engineering,3,Bachelor's Degree
Mechanical Engineering,5,Master's Degree
Mechanical Engineering,6,Doctoral Degree
Polymer/Plastics Engineering,3,Bachelor's Degree
Polymer/Plastics Engineering,5,Master's Degree
Polymer/Plastics Engineering,6,Doctoral Degree
Industrial Engineering,3,Bachelor's Degree
Industrial Engineering,4,Post-baccalaureate Certificate
Industrial Engineering,5,Master's Degree
Industrial Engineering,6,Doctoral Degree
Industrial Engineering,8,Graduate/Professional Certificate
Biological/Biosystems Engineering,3,Bachelor's Degree
Biological/Biosystems Engineering,5,Master's Degree
Biological/Biosystems Engineering,6,Doctoral Degree
"Engineering, Other",3,Bachelor's Degree
"Germanic Languages, Literatures, and Linguistics",3,Bachelor's Degree
"Romance Languages, Literatures, and Linguistics",3,Bachelor's Degree
"Romance Languages, Literatures, and Linguistics",5,Master's Degree
"Foods, Nutrition, and Related Services",8,Graduate/Professional Certificate
"Human Development, Family Studies, and Related Services",3,Bachelor's Degree
"Human Development, Family Studies, and Related Services",5,Master's Degree
"Human Development, Family Studies, and Related Services",6,Doctoral Degree
Apparel and Textiles,3,Bachelor's Degree
Apparel and Textiles,5,Master's Degree
"Family and Consumer Sciences/Human Sciences, Other",3,Bachelor's Degree
"English Language and Literature, General",3,Bachelor's Degree
"English Language and Literature, General",5,Master's Degree
"English Language and Literature, General",6,Doctoral Degree
Rhetoric and Composition/Writing Studies,5,Master's Degree
Rhetoric and Composition/Writing Studies,8,Graduate/Professional Certificate
"Biology, General",3,Bachelor's Degree
"Biology, General",5,Master's Degree
"Biology, General",6,Doctoral Degree
Microbiological Sciences and Immunology,3,Bachelor's Degree
Zoology/Animal Biology,3,Bachelor's Degree
"Physiology, Pathology and Related Sciences",3,Bachelor's Degree
"Physiology, Pathology and Related Sciences",5,Master's Degree
"Physiology, Pathology and Related Sciences",6,Doctoral Degree
"Physiology, Pathology and Related Sciences",8,Graduate/Professional Certificate
"Ecology, Evolution, Systematics, and Population Biology",3,Bachelor's Degree
Mathematics,3,Bachelor's Degree
Mathematics,5,Master's Degree
Mathematics,6,Doctoral Degree
Applied Mathematics,3,Bachelor's Degree
Applied Mathematics,5,Master's Degree
Statistics,5,Master's Degree
"Multi-/Interdisciplinary Studies, General",3,Bachelor's Degree
Nutrition Sciences,3,Bachelor's Degree
Nutrition Sciences,5,Master's Degree
Nutrition Sciences,6,Doctoral Degree
Philosophy,3,Bachelor's Degree
Chemistry,3,Bachelor's Degree
Chemistry,5,Master's Degree
Chemistry,6,Doctoral Degree
Geological and Earth Sciences/Geosciences,3,Bachelor's Degree
Geological and Earth Sciences/Geosciences,5,Master's Degree
Physics,3,Bachelor's Degree
Physics,5,Master's Degree
Physics,6,Doctoral Degree
"Psychology, General",3,Bachelor's Degree
"Psychology, General",5,Master's Degree
"Psychology, General",6,Doctoral Degree
"Clinical, Counseling and Applied Psychology",5,Master's Degree
"Clinical, Counseling and Applied Psychology",6,Doctoral Degree
Public Administration,3,Bachelor's Degree
Public Administration,4,Post-baccalaureate Certificate
Public Administration,5,Master's Degree
Public Administration,6,Doctoral Degree
Public Administration,8,Graduate/Professional Certificate
Social Work,3,Bachelor's Degree
Anthropology,3,Bachelor's Degree
Criminology,3,Bachelor's Degree
Economics,3,Bachelor's Degree
Economics,5,Master's Degree
Geography and Cartography,3,Bachelor's Degree
Geography and Cartography,5,Master's Degree
Political Science and Government,3,Bachelor's Degree
Sociology,3,Bachelor's Degree
Sociology,5,Master's Degree
Design and Applied Arts,3,Bachelor's Degree
Design and Applied Arts,5,Master's Degree
Design and Applied Arts,6,Doctoral Degree
Drama/Theatre Arts and Stagecraft,3,Bachelor's Degree
Fine and Studio Arts,3,Bachelor's Degree
Music,3,Bachelor's Degree
Communication Disorders Sciences and Services,3,Bachelor's Degree
Communication Disorders Sciences and Services,5,Master's Degree
Communication Disorders Sciences and Services,7,First Professional Degree
Health and Medical Administrative Services,3,Bachelor's Degree
Clinical/Medical Laboratory Science/Research and Allied Professions,3,Bachelor's Degree
"Pharmacy, Pharmaceutical Sciences, and Administration",5,Master's Degree
"Pharmacy, Pharmaceutical Sciences, and Administration",6,Doctoral Degree
"Pharmacy, Pharmaceutical Sciences, and Administration",7,First Professional Degree
Veterinary Medicine,7,First Professional Degree
Veterinary Biomedical and Clinical Sciences,5,Master's Degree
Veterinary Biomedical and Clinical Sciences,6,Doctoral Degree
"Registered Nursing, Nursing Administration, Nursing Research and Clinical Nursing",3,Bachelor's Degree
"Registered Nursing, Nursing Administration, Nursing Research and Clinical Nursing",5,Master's Degree
"Registered Nursing, Nursing Administration, Nursing Research and Clinical Nursing",8,Graduate/Professional Certificate
"Business Administration, Management and Operations",3,Bachelor's Degree
"Business Administration, Management and Operations",5,Master's Degree
"Business Administration, Management and Operations",6,Doctoral Degree
Accounting and Related Services,1,Undergraduate Certificate or Diploma
Accounting and Related Services,3,Bachelor's Degree
Accounting and Related Services,5,Master's Degree
Accounting and Related Services,8,Graduate/Professional Certificate
Business/Managerial Economics,3,Bachelor's Degree
Business/Managerial Economics,5,Master's Degree
Business/Managerial Economics,6,Doctoral Degree
Finance and Financial Management Services,3,Bachelor's Degree
Hospitality Administration/Management,3,Bachelor's Degree
Human Resources Management and Services,3,Bachelor's Degree
International Business,3,Bachelor's Degree
Management Information Systems and Services,4,Post-baccalaureate Certificate
Management Information Systems and Services,5,Master's Degree
Management Information Systems and Services,8,Graduate/Professional Certificate
Management Sciences and Quantitative Methods,3,Bachelor's Degree
Management Sciences and Quantitative Methods,8,Graduate/Professional Certificate
Marketing,3,Bachelor's Degree
History,3,Bachelor's Degree
History,4,Post-baccalaureate Certificate
History,5,Master's Degree
History,6,Doctoral Degree
History,8,Graduate/Professional Certificate
"Agriculture, General",3,Bachelor's Degree
Agricultural Business and Management,1,Undergraduate Certificate or Diploma
Agricultural Business and Management,8,Graduate/Professional Certificate
Agricultural Mechanization,6,Doctoral Degree
Agricultural Production Operations,8,Graduate/Professional Certificate
Food Science and Technology,5,Master's Degree
Soil Sciences,5,Master's Degree
Soil Sciences,6,Doctoral Degree
"Agriculture, Agriculture Operations, and Related Sciences, Other",3,Bachelor's Degree
"Agriculture, Agriculture Operations, and Related Sciences, Other",5,Master's Degree
Natural Resources Conservation and Research,1,Undergraduate Certificate or Diploma
Natural Resources Conservation and Research,6,Doctoral Degree
Natural Resources Conservation and Research,8,Graduate/Professional Certificate
Natural Resources Management and Policy,1,Undergraduate Certificate or Diploma
Natural Resources Management and Policy,5,Master's Degree
Natural Resources Management and Policy,6,Doctoral Degree
Natural Resources Management and Policy,8,Graduate/Professional Certificate
Wildlife and Wildlands Science and Management,5,Master's Degree
Wildlife and Wildlands Science and Management,6,Doctoral Degree
"Natural Resources and Conservation, Other",6,Doctoral Degree
Architecture,5,Master's Degree
"City/Urban, Community and Regional Planning",3,Bachelor's Degree
"Architecture and Related Services, Other",3,Bachelor's Degree
Area Studies,1,Undergraduate Certificate or Diploma
Area Studies,3,Bachelor's Degree
Area Studies,5,Master's Degree
Area Studies,6,Doctoral Degree
"Ethnic, Cultural Minority, Gender, and Group Studies",1,Undergraduate Certificate or Diploma
"Ethnic, Cultural Minority, Gender, and Group Studies",3,Bachelor's Degree
"Ethnic, Cultural Minority, Gender, and Group Studies",5,Master's Degree
"Ethnic, Cultural Minority, Gender, and Group Studies",6,Doctoral Degree
"Ethnic, Cultural Minority, Gender, and Group Studies",8,Graduate/Professional Certificate
Communication and Media Studies,6,Doctoral Degree
Journalism,5,Master's Degree
"Computer and Information Sciences, General",5,Master's Degree
Information Science/Studies,5,Master's Degree
Information Science/Studies,6,Doctoral Degree
Computer Science,3,Bachelor's Degree
Computer Science,5,Master's Degree
Computer Science,6,Doctoral Degree
Computer Software and Media Applications,3,Bachelor's Degree
Computer/Information Technology Administration and Management,8,Graduate/Professional Certificate
"Computer and Information Sciences and Support Services, Other",3,Bachelor's Degree
"Education, General",6,Doctoral Degree
"Bilingual, Multilingual, and Multicultural Education",5,Master's Degree
"Bilingual, Multilingual, and Multicultural Education",8,Graduate/Professional Certificate
Educational Administration and Supervision,3,Bachelor's Degree
Educational/Instructional Media Design,3,Bachelor's Degree
Educational/Instructional Media Design,4,Post-baccalaureate Certificate
Educational/Instructional Media Design,8,Graduate/Professional Certificate
"Educational Assessment, Evaluation, and Research",3,Bachelor's Degree
"Educational Assessment, Evaluation, and Research",8,Graduate/Professional Certificate
Social and Philosophical Foundations of Education,5,Master's Degree
Social and Philosophical Foundations of Education,6,Doctoral Degree
Teaching English or French as a Second or Foreign Language,5,Master's Degree
Teaching English or French as a Second or Foreign Language,6,Doctoral Degree
Teaching English or French as a Second or Foreign Language,8,Graduate/Professional Certificate
"Education, Other",8,Graduate/Professional Certificate
"Engineering, General",3,Bachelor's Degree
"Engineering, General",5,Master's Degree
Agricultural Engineering,3,Bachelor's Degree
Agricultural Engineering,5,Master's Degree
Agricultural Engineering,6,Doctoral Degree
Biomedical/Medical Engineering,3,Bachelor's Degree
Biomedical/Medical Engineering,5,Master's Degree
Biomedical/Medical Engineering,6,Doctoral Degree
Civil Engineering,1,Undergraduate Certificate or Diploma
Civil Engineering,8,Graduate/Professional Certificate
Engineering Mechanics,5,Master's Degree
Engineering Mechanics,6,Doctoral Degree
Engineering Physics,3,Bachelor's Degree
Environmental/Environmental Health Engineering,3,Bachelor's Degree
Environmental/Environmental Health Engineering,5,Master's Degree
Environmental/Environmental Health Engineering,6,Doctoral Degree
Metallurgical Engineering,3,Bachelor's Degree
Mining and Mineral Engineering,3,Bachelor's Degree
Mining and Mineral Engineering,5,Master's Degree
Mining and Mineral Engineering,6,Doctoral Degree
Mining and Mineral Engineering,8,Graduate/Professional Certificate
Nuclear Engineering,5,Master's Degree
Nuclear Engineering,6,Doctoral Degree
Systems Engineering,3,Bachelor's Degree
Systems Engineering,5,Master's Degree
Systems Engineering,6,Doctoral Degree
Systems Engineering,8,Graduate/Professional Certificate
Geological/Geophysical Engineering,3,Bachelor's Degree
Geological/Geophysical Engineering,5,Master's Degree
Geological/Geophysical Engineering,6,Doctoral Degree
Geological/Geophysical Engineering,8,Graduate/Professional Certificate
"Engineering, Other",5,Master's Degree
"Engineering, Other",8,Graduate/Professional Certificate
Engineering-Related Fields,3,Bachelor's Degree
Engineering-Related Fields,5,Master's Degree
Engineering-Related Fields,8,Graduate/Professional Certificate
"Linguistic, Comparative, and Related Language Studies and Services",3,Bachelor's Degree
"Linguistic, Comparative, and Related Language Studies and Services",5,Master's Degree
"Linguistic, Comparative, and Related Language Studies and Services",6,Doctoral Degree
"Slavic, Baltic and Albanian Languages, Literatures, and Linguistics",3,Bachelor's Degree
"Slavic, Baltic and Albanian Languages, Literatures, and Linguistics",5,Master's Degree
"Germanic Languages, Literatures, and Linguistics",5,Master's Degree
"Iranian/Persian Languages, Literatures, and Linguistics",5,Master's Degree
"Iranian/Persian Languages, Literatures, and Linguistics",6,Doctoral Degree
"Romance Languages, Literatures, and Linguistics",6,Doctoral Degree
"Middle/Near Eastern and Semitic Languages, Literatures, and Linguistics",3,Bachelor's Degree
"Middle/Near Eastern and Semitic Languages, Literatures, and Linguistics",5,Master's Degree
"Classics and Classical Languages, Literatures, and Linguistics",3,Bachelor's Degree
"Classics and Classical Languages, Literatures, and Linguistics",5,Master's Degree
Family and Consumer Economics and Related Studies,5,Master's Degree
Family and Consumer Economics and Related Studies,6,Doctoral Degree
"Foods, Nutrition, and Related Services",5,Master's Degree
"Human Development, Family Studies, and Related Services",8,Graduate/Professional Certificate
Law,3,Bachelor's Degree
Law,7,First Professional Degree
Legal Research and Advanced Professional Studies,5,Master's Degree
Legal Research and Advanced Professional Studies,6,Doctoral Degree
Legal Research and Advanced Professional Studies,7,First Professional Degree
Legal Research and Advanced Professional Studies,8,Graduate/Professional Certificate
"Legal Professions and Studies, Other",3,Bachelor's Degree
"Legal Professions and Studies, Other",5,Master's Degree
"Legal Professions and Studies, Other",6,Doctoral Degree
Rhetoric and Composition/Writing Studies,3,Bachelor's Degree
Rhetoric and Composition/Writing Studies,6,Doctoral Degree
"Liberal Arts and Sciences, General Studies and Humanities",1,Undergraduate Certificate or Diploma
"Liberal Arts and Sciences, General Studies and Humanities",3,Bachelor's Degree
"Liberal Arts and Sciences, General Studies and Humanities",7,First Professional Degree
Library Science and Administration,3,Bachelor's Degree
Library Science and Administration,4,Post-baccalaureate Certificate
Library Science and Administration,5,Master's Degree
Library Science and Administration,6,Doctoral Degree
Library Science and Administration,8,Graduate/Professional Certificate
"Biology, General",8,Graduate/Professional Certificate
"Biochemistry, Biophysics and Molecular Biology",3,Bachelor's Degree
"Biochemistry, Biophysics and Molecular Biology",5,Master's Degree
"Biochemistry, Biophysics and Molecular Biology",6,Doctoral Degree
Botany/Plant Biology,5,Master's Degree
Botany/Plant Biology,6,Doctoral Degree
Cell/Cellular Biology and Anatomical Sciences,3,Bachelor's Degree
Cell/Cellular Biology and Anatomical Sciences,5,Master's Degree
Cell/Cellular Biology and Anatomical Sciences,6,Doctoral Degree
Microbiological Sciences and Immunology,4,Post-baccalaureate Certificate
Microbiological Sciences and Immunology,5,Master's Degree
Microbiological Sciences and Immunology,6,Doctoral Degree
Microbiological Sciences and Immunology,8,Graduate/Professional Certificate
Zoology/Animal Biology,5,Master's Degree
Zoology/Animal Biology,6,Doctoral Degree
Genetics,5,Master's Degree
Genetics,6,Doctoral Degree
Pharmacology and Toxicology,5,Master's Degree
Pharmacology and Toxicology,6,Doctoral Degree
"Biomathematics, Bioinformatics, and Computational Biology",3,Bachelor's Degree
"Biomathematics, Bioinformatics, and Computational Biology",5,Master's Degree
"Biomathematics, Bioinformatics, and Computational Biology",6,Doctoral Degree
Biotechnology,5,Master's Degree
"Ecology, Evolution, Systematics, and Population Biology",5,Master's Degree
"Ecology, Evolution, Systematics, and Population Biology",6,Doctoral Degree
Molecular Medicine,6,Doctoral Degree
Neurobiology and Neurosciences,3,Bachelor's Degree
Neurobiology and Neurosciences,5,Master's Degree
Neurobiology and Neurosciences,6,Doctoral Degree
"Biological and Biomedical Sciences, Other",3,Bachelor's Degree
"Biological and Biomedical Sciences, Other",5,Master's Degree
Applied Mathematics,6,Doctoral Degree
Applied Mathematics,8,Graduate/Professional Certificate
Statistics,3,Bachelor's Degree
Statistics,6,Doctoral Degree
Statistics,8,Graduate/Professional Certificate
"Intelligence, Command Control and Information Operations",1,Undergraduate Certificate or Diploma
"Multi-/Interdisciplinary Studies, General",4,Post-baccalaureate Certificate
"Multi-/Interdisciplinary Studies, General",8,Graduate/Professional Certificate
Gerontology,5,Master's Degree
Gerontology,8,Graduate/Professional Certificate
Historic Preservation and Conservation,5,Master's Degree
Historic Preservation and Conservation,8,Graduate/Professional Certificate
Museology/Museum Studies,8,Graduate/Professional Certificate
Natural Sciences,3,Bachelor's Degree
Natural Sciences,5,Master's Degree
Natural Sciences,6,Doctoral Degree
International/Global Studies,3,Bachelor's Degree
"Multi/Interdisciplinary Studies, Other",3,Bachelor's Degree
Health and Physical Education/Fitness,1,Undergraduate Certificate or Diploma
Health and Physical Education/Fitness,3,Bachelor's Degree
Health and Physical Education/Fitness,5,Master's Degree
"Philosophy and Religious Studies, General",3,Bachelor's Degree
Philosophy,5,Master's Degree
Philosophy,6,Doctoral Degree
Religion/Religious Studies,3,Bachelor's Degree
Religion/Religious Studies,8,Graduate/Professional Certificate
Astronomy and Astrophysics,3,Bachelor's Degree
Astronomy and Astrophysics,5,Master's Degree
Astronomy and Astrophysics,6,Doctoral Degree
Atmospheric Sciences and Meteorology,5,Master's Degree
Atmospheric Sciences and Meteorology,6,Doctoral Degree
Geological and Earth Sciences/Geosciences,1,Undergraduate Certificate or Diploma
Geological and Earth Sciences/Geosciences,6,Doctoral Degree
Geological and Earth Sciences/Geosciences,8,Graduate/Professional Certificate
Physics,8,Graduate/Professional Certificate
Materials Sciences,3,Bachelor's Degree
Materials Sciences,5,Master's Degree
Materials Sciences,6,Doctoral Degree
"Physical Sciences, Other",5,Master's Degree
"Physical Sciences, Other",6,Doctoral Degree
"Science Technologies/Technicians, Other",3,Bachelor's Degree
"Science Technologies/Technicians, Other",8,Graduate/Professional Certificate
Research and Experimental Psychology,3,Bachelor's Degree
"Clinical, Counseling and Applied Psychology",3,Bachelor's Degree
"Clinical, Counseling and Applied Psychology",8,Graduate/Professional Certificate
Criminal Justice and Corrections,3,Bachelor's Degree
Criminal Justice and Corrections,5,Master's Degree
Homeland Security,3,Bachelor's Degree
Public Administration,7,First Professional Degree
Public Policy Analysis,5,Master's Degree
Public Policy Analysis,8,Graduate/Professional Certificate
"Social Sciences, General",1,Undergraduate Certificate or Diploma
Anthropology,5,Master's Degree
Anthropology,6,Doctoral Degree
Anthropology,8,Graduate/Professional Certificate
Archeology,8,Graduate/Professional Certificate
Economics,6,Doctoral Degree
Geography and Cartography,1,Undergraduate Certificate or Diploma
Geography and Cartography,6,Doctoral Degree
Geography and Cartography,8,Graduate/Professional Certificate
International Relations and National Security Studies,5,Master's Degree
Political Science and Government,5,Master's Degree
Political Science and Government,6,Doctoral Degree
Sociology,6,Doctoral Degree
"Social Sciences, Other",6,Doctoral Degree
"Visual and Performing Arts, General",3,Bachelor's Degree
Dance,3,Bachelor's Degree
Dance,5,Master's Degree
Drama/Theatre Arts and Stagecraft,5,Master's Degree
Film/Video and Photographic Arts,3,Bachelor's Degree
Film/Video and Photographic Arts,5,Master's Degree
Fine and Studio Arts,5,Master's Degree
Fine and Studio Arts,6,Doctoral Degree
Music,5,Master's Degree
Music,6,Doctoral Degree
"Visual and Performing Arts, Other",5,Master's Degree
Communication Disorders Sciences and Services,6,Doctoral Degree
Health and Medical Administrative Services,8,Graduate/Professional Certificate
Clinical/Medical Laboratory Science/Research and Allied Professions,4,Post-baccalaureate Certificate
Clinical/Medical Laboratory Science/Research and Allied Professions,8,Graduate/Professional Certificate
Health/Medical Preparatory Programs,3,Bachelor's Degree
Health/Medical Preparatory Programs,4,Post-baccalaureate Certificate
Health/Medical Preparatory Programs,8,Graduate/Professional Certificate
Medicine,3,Bachelor's Degree
Medicine,7,First Professional Degree
Medical Clinical Sciences/Graduate Medical Studies,5,Master's Degree
Medical Clinical Sciences/Graduate Medical Studies,6,Doctoral Degree
Medical Clinical Sciences/Graduate Medical Studies,8,Graduate/Professional Certificate
Mental and Social Health Services and Allied Professions,3,Bachelor's Degree
Mental and Social Health Services and Allied Professions,5,Master's Degree
"Pharmacy, Pharmaceutical Sciences, and Administration",3,Bachelor's Degree
"Pharmacy, Pharmaceutical Sciences, and Administration",8,Graduate/Professional Certificate
Public Health,3,Bachelor's Degree
Public Health,5,Master's Degree
Public Health,6,Doctoral Degree
Public Health,8,Graduate/Professional Certificate
Rehabilitation and Therapeutic Professions,5,Master's Degree
Rehabilitation and Therapeutic Professions,6,Doctoral Degree
Dietetics and Clinical Nutrition Services,5,Master's Degree
"Registered Nursing, Nursing Administration, Nursing Research and Clinical Nursing",4,Post-baccalaureate Certificate
"Registered Nursing, Nursing Administration, Nursing Research and Clinical Nursing",6,Doctoral Degree
"Registered Nursing, Nursing Administration, Nursing Research and Clinical Nursing",7,First Professional Degree
"Business/Commerce, General",3,Bachelor's Degree
"Business Administration, Management and Operations",1,Undergraduate Certificate or Diploma
Entrepreneurial and Small Business Operations,1,Undergraduate Certificate or Diploma
Entrepreneurial and Small Business Operations,3,Bachelor's Degree
Finance and Financial Management Services,1,Undergraduate Certificate or Diploma
Finance and Financial Management Services,5,Master's Degree
Finance and Financial Management Services,8,Graduate/Professional Certificate
International Business,4,Post-baccalaureate Certificate
International Business,8,Graduate/Professional Certificate
Management Information Systems and Services,3,Bachelor's Degree
Marketing,5,Master's Degree
"Computer and Information Sciences, General",6,Doctoral Degree
"Aerospace, Aeronautical and Astronautical Engineering",8,Graduate/Professional Certificate
"Electrical, Electronics and Communications Engineering",8,Graduate/Professional Certificate
Engineering Physics,5,Master's Degree
Engineering Physics,6,Doctoral Degree
Materials Engineering,8,Graduate/Professional Certificate
Mechanical Engineering,8,Graduate/Professional Certificate
Mathematics and Computer Science,5,Master's Degree
Mathematics and Computer Science,6,Doctoral Degree
"Social Sciences, General",5,Master's Degree
"Social Sciences, General",6,Doctoral Degree
"Radio, Television, and Digital Communication",5,Master's Degree
"Public Relations, Advertising, and Applied Communication",8,Graduate/Professional Certificate
Information Science/Studies,3,Bachelor's Degree
Curriculum and Instruction,6,Doctoral Degree
"Education, Other",5,Master's Degree
Computer Engineering,8,Graduate/Professional Certificate
Engineering Science,6,Doctoral Degree
Manufacturing Engineering,5,Master's Degree
"Engineering, Other",6,Doctoral Degree
Quality Control and Safety Technologies/Technicians,5,Master's Degree
Construction Engineering Technologies,3,Bachelor's Degree
"Linguistic, Comparative, and Related Language Studies and Services",8,Graduate/Professional Certificate
"East Asian Languages, Literatures, and Linguistics",3,Bachelor's Degree
Housing and Human Environments,8,Graduate/Professional Certificate
"Liberal Arts and Sciences, General Studies and Humanities",5,Master's Degree
"Liberal Arts and Sciences, General Studies and Humanities",8,Graduate/Professional Certificate
Gerontology,3,Bachelor's Degree
"Multi/Interdisciplinary Studies, Other",5,Master's Degree
"Parks, Recreation and Leisure Studies",3,Bachelor's Degree
Physical Sciences,3,Bachelor's Degree
Social Work,5,Master's Degree
"Public Administration and Social Service Professions, Other",5,Master's Degree
"Social Sciences, General",3,Bachelor's Degree
Criminology,5,Master's Degree
International Relations and National Security Studies,3,Bachelor's Degree
Urban Studies/Affairs,3,Bachelor's Degree
"Building/Construction Finishing, Management, and Inspection",8,Graduate/Professional Certificate
Music,8,Graduate/Professional Certificate
"Arts, Entertainment,and Media Management",8,Graduate/Professional Certificate
"Health Services/Allied Health/Health Sciences, General",3,Bachelor's Degree
Communication Disorders Sciences and Services,8,Graduate/Professional Certificate
"Allied Health Diagnostic, Intervention, and Treatment Professions",3,Bachelor's Degree
Mental and Social Health Services and Allied Professions,8,Graduate/Professional Certificate
Rehabilitation and Therapeutic Professions,7,First Professional Degree
Rehabilitation and Therapeutic Professions,8,Graduate/Professional Certificate
Dietetics and Clinical Nutrition Services,3,Bachelor's Degree
Hospitality Administration/Management,5,Master's Degree
Human Resources Management and Services,8,Graduate/Professional Certificate
International Business,5,Master's Degree
Real Estate,3,Bachelor's Degree
"Business, Management, Marketing, and Related Support Services, Other",5,Master's Degree
"City/Urban, Community and Regional Planning",6,Doctoral Degree
"City/Urban, Community and Regional Planning",8,Graduate/Professional Certificate
Environmental Design,8,Graduate/Professional Certificate
Landscape Architecture,8,Graduate/Professional Certificate
Architectural History and Criticism,8,Graduate/Professional Certificate
Architectural Sciences and Technology,3,Bachelor's Degree
Architectural Sciences and Technology,5,Master's Degree
Architectural Sciences and Technology,8,Graduate/Professional Certificate
Real Estate Development,3,Bachelor's Degree
Real Estate Development,8,Graduate/Professional Certificate
"Architecture and Related Services, Other",5,Master's Degree
Area Studies,8,Graduate/Professional Certificate
Communication and Media Studies,8,Graduate/Professional Certificate
Journalism,8,Graduate/Professional Certificate
"Public Relations, Advertising, and Applied Communication",5,Master's Degree
"Communication, Journalism, and Related Programs, Other",8,Graduate/Professional Certificate
"Computer and Information Sciences, General",8,Graduate/Professional Certificate
Computer Software and Media Applications,5,Master's Degree
Computer Systems Networking and Telecommunications,5,Master's Degree
Computer/Information Technology Administration and Management,5,Master's Degree
"Education, General",3,Bachelor's Degree
"Educational Assessment, Evaluation, and Research",5,Master's Degree
"Education, Other",6,Doctoral Degree
Architectural Engineering,6,Doctoral Degree
Petroleum Engineering,5,Master's Degree
Petroleum Engineering,6,Doctoral Degree
Petroleum Engineering,8,Graduate/Professional Certificate
Operations Research,5,Master's Degree
"East Asian Languages, Literatures, and Linguistics",5,Master's Degree
"East Asian Languages, Literatures, and Linguistics",6,Doctoral Degree
"Slavic, Baltic and Albanian Languages, Literatures, and Linguistics",6,Doctoral Degree
"Germanic Languages, Literatures, and Linguistics",6,Doctoral Degree
"Classics and Classical Languages, Literatures, and Linguistics",6,Doctoral Degree
Law,6,Doctoral Degree
"Legal Professions and Studies, Other",8,Graduate/Professional Certificate
Cell/Cellular Biology and Anatomical Sciences,8,Graduate/Professional Certificate
Pharmacology and Toxicology,3,Bachelor's Degree
Molecular Medicine,5,Master's Degree
"Biological and Biomedical Sciences, Other",6,Doctoral Degree
"Intelligence, Command Control and Information Operations",8,Graduate/Professional Certificate
"Military Technologies and Applied Sciences, Other",8,Graduate/Professional Certificate
"Multi-/Interdisciplinary Studies, General",5,Master's Degree
Gerontology,6,Doctoral Degree
International/Global Studies,5,Master's Degree
Cognitive Science,3,Bachelor's Degree
Human Biology,3,Bachelor's Degree
Dispute Resolution,5,Master's Degree
Dispute Resolution,8,Graduate/Professional Certificate
Marine Sciences,5,Master's Degree
Marine Sciences,6,Doctoral Degree
Sustainability Studies,8,Graduate/Professional Certificate
"Multi/Interdisciplinary Studies, Other",8,Graduate/Professional Certificate
Religion/Religious Studies,6,Doctoral Degree
Religious/Sacred Music,5,Master's Degree
Religious/Sacred Music,6,Doctoral Degree
Research and Experimental Psychology,6,Doctoral Degree
Public Policy Analysis,3,Bachelor's Degree
Public Policy Analysis,6,Doctoral Degree
Social Work,6,Doctoral Degree
Social Work,8,Graduate/Professional Certificate
"Public Administration and Social Service Professions, Other",8,Graduate/Professional Certificate
Archeology,3,Bachelor's Degree
International Relations and National Security Studies,6,Doctoral Degree
Urban Studies/Affairs,6,Doctoral Degree
"Visual and Performing Arts, General",5,Master's Degree
Drama/Theatre Arts and Stagecraft,8,Graduate/Professional Certificate
Film/Video and Photographic Arts,6,Doctoral Degree
Fine and Studio Arts,8,Graduate/Professional Certificate
"Arts, Entertainment,and Media Management",3,Bachelor's Degree
"Arts, Entertainment,and Media Management",5,Master's Degree
Dentistry,7,First Professional Degree
Advanced/Graduate Dentistry and Oral Sciences,5,Master's Degree
Advanced/Graduate Dentistry and Oral Sciences,6,Doctoral Degree
Advanced/Graduate Dentistry and Oral Sciences,8,Graduate/Professional Certificate
Dental Support Services and Allied Professions,3,Bachelor's Degree
Dental Support Services and Allied Professions,5,Master's Degree
Health and Medical Administrative Services,5,Master's Degree
"Allied Health Diagnostic, Intervention, and Treatment Professions",5,Master's Degree
Medicine,5,Master's Degree
Medicine,6,Doctoral Degree
Mental and Social Health Services and Allied Professions,6,Doctoral Degree
Rehabilitation and Therapeutic Professions,3,Bachelor's Degree
"Health Professions and Related Clinical Sciences, Other",5,Master's Degree
"Health Professions and Related Clinical Sciences, Other",6,Doctoral Degree
"Health Professions and Related Clinical Sciences, Other",8,Graduate/Professional Certificate
"Business/Commerce, General",5,Master's Degree
"Business/Commerce, General",8,Graduate/Professional Certificate
"Business Administration, Management and Operations",8,Graduate/Professional Certificate
Entrepreneurial and Small Business Operations,5,Master's Degree
Hospitality Administration/Management,1,Undergraduate Certificate or Diploma
Hospitality Administration/Management,8,Graduate/Professional Certificate
Human Resources Management and Services,5,Master's Degree
Management Sciences and Quantitative Methods,5,Master's Degree
Marketing,8,Graduate/Professional Certificate
Taxation,5,Master's Degree
Construction Management,5,Master's Degree
"Business, Management, Marketing, and Related Support Services, Other",8,Graduate/Professional Certificate
Dental Residency Programs,8,Graduate/Professional Certificate
"Engineering, General",6,Doctoral Degree
Metallurgical Engineering,5,Master's Degree
Metallurgical Engineering,6,Doctoral Degree
Petroleum Engineering,3,Bachelor's Degree
Behavioral Sciences,5,Master's Degree
Behavioral Sciences,8,Graduate/Professional Certificate
Agricultural Business and Management,6,Doctoral Degree
Animal Sciences,2,Associate's Degree
Plant Sciences,2,Associate's Degree
Landscape Architecture,3,Bachelor's Degree
"Radio, Television, and Digital Communication",8,Graduate/Professional Certificate
Computer Software and Media Applications,1,Undergraduate Certificate or Diploma
Curriculum and Instruction,5,Master's Degree
Curriculum and Instruction,8,Graduate/Professional Certificate
Educational/Instructional Media Design,6,Doctoral Degree
"Educational Assessment, Evaluation, and Research",6,Doctoral Degree
Quality Control and Safety Technologies/Technicians,8,Graduate/Professional Certificate
Law,8,Graduate/Professional Certificate
Genetics,8,Graduate/Professional Certificate
Neurobiology and Neurosciences,8,Graduate/Professional Certificate
Medieval and Renaissance Studies,5,Master's Degree
Medieval and Renaissance Studies,6,Doctoral Degree
Cultural Studies/Critical Theory and Analysis,8,Graduate/Professional Certificate
"Parks, Recreation and Leisure Facilities Management",3,Bachelor's Degree
Health and Physical Education/Fitness,6,Doctoral Degree
Health and Physical Education/Fitness,8,Graduate/Professional Certificate
Religion/Religious Studies,5,Master's Degree
Research and Experimental Psychology,5,Master's Degree
Research and Experimental Psychology,8,Graduate/Professional Certificate
"Homeland Security, Law Enforcement, Firefighting and Related Protective Services, Other",5,Master's Degree
"Social Sciences, General",8,Graduate/Professional Certificate
Political Science and Government,8,Graduate/Professional Certificate
Allied Health and Medical Assisting Services,3,Bachelor's Degree
Clinical/Medical Laboratory Science/Research and Allied Professions,5,Master's Degree
Dietetics and Clinical Nutrition Services,8,Graduate/Professional Certificate
Accounting and Related Services,6,Doctoral Degree
Finance and Financial Management Services,6,Doctoral Degree
Management Information Systems and Services,6,Doctoral Degree
Management Sciences and Quantitative Methods,6,Doctoral Degree
Marketing,6,Doctoral Degree
Forestry,8,Graduate/Professional Certificate
Architecture,6,Doctoral Degree
Architecture,8,Graduate/Professional Certificate
Environmental Design,5,Master's Degree
Computer Programming,3,Bachelor's Degree
Biomedical/Medical Engineering,8,Graduate/Professional Certificate
Chemical Engineering,8,Graduate/Professional Certificate
Engineering Physics,8,Graduate/Professional Certificate
Engineering Science,3,Bachelor's Degree
Environmental/Environmental Health Engineering,8,Graduate/Professional Certificate
"East Asian Languages, Literatures, and Linguistics",8,Graduate/Professional Certificate
"Slavic, Baltic and Albanian Languages, Literatures, and Linguistics",8,Graduate/Professional Certificate
"Germanic Languages, Literatures, and Linguistics",8,Graduate/Professional Certificate
"Romance Languages, Literatures, and Linguistics",8,Graduate/Professional Certificate
"Middle/Near Eastern and Semitic Languages, Literatures, and Linguistics",6,Doctoral Degree
"Middle/Near Eastern and Semitic Languages, Literatures, and Linguistics",8,Graduate/Professional Certificate
"Classics and Classical Languages, Literatures, and Linguistics",8,Graduate/Professional Certificate
"English Language and Literature, General",8,Graduate/Professional Certificate
"English Language and Literature/Letters, Other",3,Bachelor's Degree
"Biochemistry, Biophysics and Molecular Biology",8,Graduate/Professional Certificate
Pharmacology and Toxicology,8,Graduate/Professional Certificate
"Ecology, Evolution, Systematics, and Population Biology",8,Graduate/Professional Certificate
Mathematics,8,Graduate/Professional Certificate
Mathematics and Computer Science,3,Bachelor's Degree
Medieval and Renaissance Studies,8,Graduate/Professional Certificate
Intercultural/Multicultural and Diversity Studies,5,Master's Degree
"Multi/Interdisciplinary Studies, Other",6,Doctoral Degree
Philosophy,8,Graduate/Professional Certificate
Bible/Biblical Studies,5,Master's Degree
Theological and Ministerial Studies,5,Master's Degree
Theological and Ministerial Studies,7,First Professional Degree
"Theology and Religious Vocations, Other",5,Master's Degree
Astronomy and Astrophysics,8,Graduate/Professional Certificate
"Physical Sciences, Other",3,Bachelor's Degree
"Psychology, General",8,Graduate/Professional Certificate
Archeology,5,Master's Degree
Economics,8,Graduate/Professional Certificate
Sociology,8,Graduate/Professional Certificate
Drama/Theatre Arts and Stagecraft,6,Doctoral Degree
Film/Video and Photographic Arts,8,Graduate/Professional Certificate
Music,1,Undergraduate Certificate or Diploma
"Agriculture, General",2,Associate's Degree
Applied Horticulture and Horticultural Business Services,5,Master's Degree
Soil Sciences,3,Bachelor's Degree
Computer Science,2,Associate's Degree
"Teacher Education and Professional Development, Specific Levels and Methods",2,Associate's Degree
Ocean Engineering,5,Master's Degree
Ocean Engineering,6,Doctoral Degree
"Engineering, Other",4,Post-baccalaureate Certificate
"Engineering Technology, General",3,Bachelor's Degree
Engineering-Related Fields,6,Doctoral Degree
"Foreign Languages, Literatures, and Linguistics, Other",5,Master's Degree
"Foods, Nutrition, and Related Services",3,Bachelor's Degree
"Liberal Arts and Sciences, General Studies and Humanities",2,Associate's Degree
Historic Preservation and Conservation,3,Bachelor's Degree
Historic Preservation and Conservation,4,Post-baccalaureate Certificate
Historic Preservation and Conservation,6,Doctoral Degree
Museology/Museum Studies,4,Post-baccalaureate Certificate
Atmospheric Sciences and Meteorology,3,Bachelor's Degree
Physics,4,Post-baccalaureate Certificate
Homeland Security,5,Master's Degree
Homeland Security,6,Doctoral Degree
"Human Services, General",3,Bachelor's Degree
Anthropology,2,Associate's Degree
Criminology,6,Doctoral Degree
Geography and Cartography,4,Post-baccalaureate Certificate
Urban Studies/Affairs,5,Master's Degree
Marine Transportation,3,Bachelor's Degree
"Health Services/Allied Health/Health Sciences, General",4,Post-baccalaureate Certificate
Dietetics and Clinical Nutrition Services,4,Post-baccalaureate Certificate
"Health Professions and Related Clinical Sciences, Other",3,Bachelor's Degree
Entrepreneurial and Small Business Operations,4,Post-baccalaureate Certificate
"Specialized Sales, Merchandising and Marketing Operations",4,Post-baccalaureate Certificate
History,2,Associate's Degree
"Communication, Journalism, and Related Programs, Other",3,Bachelor's Degree
Information Science/Studies,2,Associate's Degree
Ocean Engineering,3,Bachelor's Degree
Operations Research,6,Doctoral Degree
Non-Professional General Legal Studies (Undergraduate),3,Bachelor's Degree
Sustainability Studies,3,Bachelor's Degree
"Clinical, Counseling and Applied Psychology",2,Associate's Degree
"Clinical, Counseling and Applied Psychology",7,First Professional Degree
Criminal Justice and Corrections,2,Associate's Degree
Air Transportation,3,Bachelor's Degree
Air Transportation,5,Master's Degree
Air Transportation,6,Doctoral Degree
Health and Medical Administrative Services,2,Associate's Degree
"Business Administration, Management and Operations",2,Associate's Degree
Accounting and Related Services,2,Associate's Degree
Marketing,2,Associate's Degree
Interior Architecture,5,Master's Degree
Computer Systems Analysis,5,Master's Degree
International and Comparative Education,5,Master's Degree
Construction Engineering Technologies,5,Master's Degree
Construction Engineering Technologies,8,Graduate/Professional Certificate
"Parks, Recreation and Leisure Facilities Management",5,Master's Degree
Medicine,8,Graduate/Professional Certificate
Dietetics and Clinical Nutrition Services,6,Doctoral Degree
Real Estate,5,Master's Degree
"City/Urban, Community and Regional Planning",4,Post-baccalaureate Certificate
Communication and Media Studies,4,Post-baccalaureate Certificate
"Computer and Information Sciences, General",1,Undergraduate Certificate or Diploma
"Computer and Information Sciences, General",4,Post-baccalaureate Certificate
Information Science/Studies,8,Graduate/Professional Certificate
Curriculum and Instruction,1,Undergraduate Certificate or Diploma
Curriculum and Instruction,4,Post-baccalaureate Certificate
Educational Administration and Supervision,1,Undergraduate Certificate or Diploma
Social and Philosophical Foundations of Education,8,Graduate/Professional Certificate
"Electrical, Electronics and Communications Engineering",4,Post-baccalaureate Certificate
"Family and Consumer Sciences/Human Sciences, General",3,Bachelor's Degree
"Family and Consumer Sciences/Human Sciences, General",6,Doctoral Degree
"English Language and Literature, General",4,Post-baccalaureate Certificate
"Liberal Arts and Sciences, General Studies and Humanities",4,Post-baccalaureate Certificate
"Liberal Arts and Sciences, General Studies and Humanities",6,Doctoral Degree
Statistics,1,Undergraduate Certificate or Diploma
Statistics,4,Post-baccalaureate Certificate
Computational Science,3,Bachelor's Degree
Computational Science,5,Master's Degree
Computational Science,6,Doctoral Degree
"Multi/Interdisciplinary Studies, Other",4,Post-baccalaureate Certificate
Health and Physical Education/Fitness,4,Post-baccalaureate Certificate
"Clinical, Counseling and Applied Psychology",4,Post-baccalaureate Certificate
Criminal Justice and Corrections,6,Doctoral Degree
Public Administration,1,Undergraduate Certificate or Diploma
Social Work,4,Post-baccalaureate Certificate
Demography and Population Studies,5,Master's Degree
Political Science and Government,1,Undergraduate Certificate or Diploma
Air Transportation,4,Post-baccalaureate Certificate
Communication Disorders Sciences and Services,1,Undergraduate Certificate or Diploma
"Business/Commerce, General",6,Doctoral Degree
Insurance,3,Bachelor's Degree
Insurance,5,Master's Degree
Agricultural Business and Management,7,First Professional Degree
Agricultural and Food Products Processing,3,Bachelor's Degree
Applied Horticulture and Horticultural Business Services,3,Bachelor's Degree
Food Science and Technology,6,Doctoral Degree
Plant Sciences,7,First Professional Degree
Soil Sciences,8,Graduate/Professional Certificate
Fishing and Fisheries Sciences and Management,5,Master's Degree
Fishing and Fisheries Sciences and Management,6,Doctoral Degree
Fishing and Fisheries Sciences and Management,8,Graduate/Professional Certificate
Forestry,7,First Professional Degree
Landscape Architecture,6,Doctoral Degree
"Ethnic, Cultural Minority, Gender, and Group Studies",7,First Professional Degree
Communication and Media Studies,7,First Professional Degree
Curriculum and Instruction,7,First Professional Degree
Biomedical/Medical Engineering,7,First Professional Degree
Nuclear Engineering,3,Bachelor's Degree
Construction Engineering Technologies,6,Doctoral Degree
Engineering-Related Technologies,3,Bachelor's Degree
"Engineering Technologies/Technicians, Other",5,Master's Degree
Law,5,Master's Degree
Botany/Plant Biology,3,Bachelor's Degree
"Biological and Biomedical Sciences, Other",7,First Professional Degree
"Biological and Biomedical Sciences, Other",8,Graduate/Professional Certificate
Museology/Museum Studies,5,Master's Degree
Sustainability Studies,5,Master's Degree
"Multi/Interdisciplinary Studies, Other",7,First Professional Degree
Health and Physical Education/Fitness,7,First Professional Degree
Fire Protection,3,Bachelor's Degree
Fire Protection,5,Master's Degree
"Health Services/Allied Health/Health Sciences, General",5,Master's Degree
Dentistry,5,Master's Degree
Health and Medical Administrative Services,6,Doctoral Degree
Public Health,7,First Professional Degree
Veterinary Medicine,5,Master's Degree
Veterinary Biomedical and Clinical Sciences,8,Graduate/Professional Certificate
"Business Administration, Management and Operations",7,First Professional Degree
Accounting and Related Services,7,First Professional Degree
Real Estate,7,First Professional Degree
Architectural History and Criticism,1,Undergraduate Certificate or Diploma
Architectural History and Criticism,4,Post-baccalaureate Certificate
Computer/Information Technology Administration and Management,3,Bachelor's Degree
Historic Preservation and Conservation,1,Undergraduate Certificate or Diploma
Classical and Ancient Studies,3,Bachelor's Degree
Medical Illustration and Informatics,8,Graduate/Professional Certificate
Bioethics/Medical Ethics,3,Bachelor's Degree
"Business/Commerce, General",4,Post-baccalaureate Certificate
"Business Administration, Management and Operations",4,Post-baccalaureate Certificate
"Radio, Television, and Digital Communication",4,Post-baccalaureate Certificate
"Linguistic, Comparative, and Related Language Studies and Services",4,Post-baccalaureate Certificate
"Mathematics and Statistics, Other",3,Bachelor's Degree
Biological and Physical Sciences,3,Bachelor's Degree
Medieval and Renaissance Studies,3,Bachelor's Degree
Religious Education,4,Post-baccalaureate Certificate
Religious Education,5,Master's Degree
Theological and Ministerial Studies,4,Post-baccalaureate Certificate
Pastoral Counseling and Specialized Ministries,5,Master's Degree
Pastoral Counseling and Specialized Ministries,7,First Professional Degree
"Theology and Religious Vocations, Other",4,Post-baccalaureate Certificate
"Social Sciences, General",4,Post-baccalaureate Certificate
"Social Sciences, Other",4,Post-baccalaureate Certificate
Film/Video and Photographic Arts,4,Post-baccalaureate Certificate
Allied Health and Medical Assisting Services,5,Master's Degree
Mental and Social Health Services and Allied Professions,4,Post-baccalaureate Certificate
Ophthalmic and Optometric Support Services and Allied Professions,8,Graduate/Professional Certificate
Public Health,4,Post-baccalaureate Certificate
Bioethics/Medical Ethics,5,Master's Degree
"Practical Nursing, Vocational Nursing and Nursing Assistants",5,Master's Degree
International and Comparative Education,8,Graduate/Professional Certificate
Teaching English or French as a Second or Foreign Language,1,Undergraduate Certificate or Diploma
American Sign Language,1,Undergraduate Certificate or Diploma
American Sign Language,2,Associate's Degree
"Human Development, Family Studies, and Related Services",1,Undergraduate Certificate or Diploma
Library and Archives Assisting,1,Undergraduate Certificate or Diploma
Library and Archives Assisting,2,Associate's Degree
"Mathematics and Statistics, Other",6,Doctoral Degree
Accounting and Computer Science,5,Master's Degree
Urban Studies/Affairs,8,Graduate/Professional Certificate
"Social Sciences, Other",8,Graduate/Professional Certificate
Dental Support Services and Allied Professions,2,Associate's Degree
"Allied Health Diagnostic, Intervention, and Treatment Professions",2,Associate's Degree
"Registered Nursing, Nursing Administration, Nursing Research and Clinical Nursing",2,Associate's Degree
International Business,1,Undergraduate Certificate or Diploma
Real Estate,6,Doctoral Degree
Real Estate,8,Graduate/Professional Certificate
Insurance,6,Doctoral Degree
"General Sales, Merchandising and Related Marketing Operations",1,Undergraduate Certificate or Diploma
"General Sales, Merchandising and Related Marketing Operations",3,Bachelor's Degree
"Specialized Sales, Merchandising and  Marketing Operations",8,Graduate/Professional Certificate
Agricultural Production Operations,1,Undergraduate Certificate or Diploma
Applied Horticulture and Horticultural Business Services,1,Undergraduate Certificate or Diploma
International Agriculture,1,Undergraduate Certificate or Diploma
International Agriculture,4,Post-baccalaureate Certificate
International Agriculture,8,Graduate/Professional Certificate
Agricultural Public Services,1,Undergraduate Certificate or Diploma
Agricultural Public Services,3,Bachelor's Degree
Agricultural Public Services,5,Master's Degree
Plant Sciences,1,Undergraduate Certificate or Diploma
Natural Resources Management and Policy,4,Post-baccalaureate Certificate
Forestry,1,Undergraduate Certificate or Diploma
Area Studies,4,Post-baccalaureate Certificate
"Ethnic, Cultural Minority, Gender, and Group Studies",4,Post-baccalaureate Certificate
"Radio, Television, and Digital Communication",1,Undergraduate Certificate or Diploma
"Public Relations, Advertising, and Applied Communication",1,Undergraduate Certificate or Diploma
Educational/Instructional Media Design,1,Undergraduate Certificate or Diploma
Teaching English or French as a Second or Foreign Language,4,Post-baccalaureate Certificate
Engineering Science,1,Undergraduate Certificate or Diploma
Ocean Engineering,8,Graduate/Professional Certificate
Biochemical Engineering,3,Bachelor's Degree
Biochemical Engineering,5,Master's Degree
Family and Consumer Sciences/Human Sciences Business Services,3,Bachelor's Degree
Family and Consumer Economics and Related Studies,3,Bachelor's Degree
"Foods, Nutrition, and Related Services",6,Doctoral Degree
Housing and Human Environments,3,Bachelor's Degree
Housing and Human Environments,5,Master's Degree
Housing and Human Environments,6,Doctoral Degree
Apparel and Textiles,6,Doctoral Degree
Non-Professional General Legal Studies (Undergraduate),1,Undergraduate Certificate or Diploma
Rhetoric and Composition/Writing Studies,1,Undergraduate Certificate or Diploma
Genetics,3,Bachelor's Degree
"Biomathematics, Bioinformatics, and Computational Biology",8,Graduate/Professional Certificate
Biotechnology,3,Bachelor's Degree
Gerontology,4,Post-baccalaureate Certificate
Medieval and Renaissance Studies,1,Undergraduate Certificate or Diploma
International/Global Studies,1,Undergraduate Certificate or Diploma
Computational Science,1,Undergraduate Certificate or Diploma
Sustainability Studies,1,Undergraduate Certificate or Diploma
"Parks, Recreation and Leisure Studies",5,Master's Degree
"Parks, Recreation and Leisure Studies",6,Doctoral Degree
Atmospheric Sciences and Meteorology,1,Undergraduate Certificate or Diploma
Homeland Security,1,Undergraduate Certificate or Diploma
Homeland Security,4,Post-baccalaureate Certificate
Homeland Security,8,Graduate/Professional Certificate
Archeology,1,Undergraduate Certificate or Diploma
Urban Studies/Affairs,1,Undergraduate Certificate or Diploma
"Arts, Entertainment,and Media Management",1,Undergraduate Certificate or Diploma
"Pharmacy, Pharmaceutical Sciences, and Administration",4,Post-baccalaureate Certificate
Public Health,1,Undergraduate Certificate or Diploma
Management Sciences and Quantitative Methods,1,Undergraduate Certificate or Diploma
"Specialized Sales, Merchandising and  Marketing Operations",3,Bachelor's Degree
Veterinary Residency Programs,5,Master's Degree
Agricultural Mechanization,3,Bachelor's Degree
Fishing and Fisheries Sciences and Management,3,Bachelor's Degree
Graphic Communications,3,Bachelor's Degree
Computer Science,8,Graduate/Professional Certificate
"Education, General",7,First Professional Degree
"Teacher Education and Professional Development, Specific Subject Areas",1,Undergraduate Certificate or Diploma
Nuclear Engineering,8,Graduate/Professional Certificate
Electrical Engineering Technologies/Technicians,8,Graduate/Professional Certificate
Industrial Production Technologies/Technicians,3,Bachelor's Degree
Industrial Production Technologies/Technicians,5,Master's Degree
Quality Control and Safety Technologies/Technicians,1,Undergraduate Certificate or Diploma
Quality Control and Safety Technologies/Technicians,3,Bachelor's Degree
"Family and Consumer Sciences/Human Sciences, General",5,Master's Degree
Intercultural/Multicultural and Diversity Studies,1,Undergraduate Certificate or Diploma
Intercultural/Multicultural and Diversity Studies,3,Bachelor's Degree
Outdoor Education,8,Graduate/Professional Certificate
Philosophy,1,Undergraduate Certificate or Diploma
Fire Protection,1,Undergraduate Certificate or Diploma
"Allied Health Diagnostic, Intervention, and Treatment Professions",6,Doctoral Degree
"Allied Health Diagnostic, Intervention, and Treatment Professions",7,First Professional Degree
Veterinary Biomedical and Clinical Sciences,3,Bachelor's Degree
Computer Programming,5,Master's Degree
Engineering Science,5,Master's Degree
"South Asian Languages, Literatures, and Linguistics",3,Bachelor's Degree
"South Asian Languages, Literatures, and Linguistics",5,Master's Degree
"South Asian Languages, Literatures, and Linguistics",6,Doctoral Degree
"Science, Technology and Society",6,Doctoral Degree
Theological and Ministerial Studies,3,Bachelor's Degree
Theological and Ministerial Studies,6,Doctoral Degree
Physical Sciences,5,Master's Degree
"Social Sciences, Other",3,Bachelor's Degree
"Visual and Performing Arts, Other",3,Bachelor's Degree
Architectural History and Criticism,5,Master's Degree
Computer Systems Analysis,6,Doctoral Degree
"Education, Other",3,Bachelor's Degree
Biological and Physical Sciences,6,Doctoral Degree
Health/Medical Preparatory Programs,5,Master's Degree
Medical Illustration and Informatics,5,Master's Degree
Medical Illustration and Informatics,6,Doctoral Degree
"Business, Management, Marketing, and Related Support Services, Other",3,Bachelor's Degree
Agricultural Engineering,8,Graduate/Professional Certificate
Construction Engineering,5,Master's Degree
Electromechanical Instrumentation and Maintenance Technologies/Technicians,5,Master's Degree
Drafting/Design Engineering Technologies/Technicians,1,Undergraduate Certificate or Diploma
"Psychology, Other",3,Bachelor's Degree
"Psychology, Other",8,Graduate/Professional Certificate
"General Sales, Merchandising and Related Marketing Operations",5,Master's Degree
Construction Management,8,Graduate/Professional Certificate
"Architecture and Related Services, Other",1,Undergraduate Certificate or Diploma
Communication and Media Studies,1,Undergraduate Certificate or Diploma
"Radio, Television, and Digital Communication",6,Doctoral Degree
"Communication, Journalism, and Related Programs, Other",1,Undergraduate Certificate or Diploma
"Communication, Journalism, and Related Programs, Other",5,Master's Degree
"Computer and Information Sciences and Support Services, Other",1,Undergraduate Certificate or Diploma
Manufacturing Engineering,3,Bachelor's Degree
"Engineering, Other",1,Undergraduate Certificate or Diploma
Mechanical Engineering Related Technologies/Technicians,5,Master's Degree
Non-Professional General Legal Studies (Undergraduate),5,Master's Degree
Legal Research and Advanced Professional Studies,1,Undergraduate Certificate or Diploma
"Legal Professions and Studies, Other",7,First Professional Degree
"Biological and Biomedical Sciences, Other",1,Undergraduate Certificate or Diploma
"Biological and Biomedical Sciences, Other",4,Post-baccalaureate Certificate
Systems Science and Theory,6,Doctoral Degree
"Science, Technology and Society",3,Bachelor's Degree
Intercultural/Multicultural and Diversity Studies,6,Doctoral Degree
"Science Technologies/Technicians, Other",5,Master's Degree
Community Organization and Advocacy,3,Bachelor's Degree
Community Organization and Advocacy,5,Master's Degree
Community Organization and Advocacy,8,Graduate/Professional Certificate
Economics,1,Undergraduate Certificate or Diploma
"Social Sciences, Other",1,Undergraduate Certificate or Diploma
"Social Sciences, Other",5,Master's Degree
Drama/Theatre Arts and Stagecraft,1,Undergraduate Certificate or Diploma
Allied Health and Medical Assisting Services,1,Undergraduate Certificate or Diploma
Allied Health and Medical Assisting Services,4,Post-baccalaureate Certificate
"Allied Health Diagnostic, Intervention, and Treatment Professions",1,Undergraduate Certificate or Diploma
Health/Medical Preparatory Programs,1,Undergraduate Certificate or Diploma
"Health Professions and Related Clinical Sciences, Other",1,Undergraduate Certificate or Diploma
"Health Professions and Related Clinical Sciences, Other",4,Post-baccalaureate Certificate
"Business/Commerce, General",1,Undergraduate Certificate or Diploma
"Business/Commerce, General",7,First Professional Degree
Business/Managerial Economics,1,Undergraduate Certificate or Diploma
Human Resources Management and Services,6,Doctoral Degree
Bioethics/Medical Ethics,8,Graduate/Professional Certificate
Educational Administration and Supervision,7,First Professional Degree
"Teacher Education and Professional Development, Specific Levels and Methods",7,First Professional Degree
"Celtic Languages, Literatures, and Linguistics",3,Bachelor's Degree
"Mathematics and Statistics, Other",5,Master's Degree
Peace Studies and Conflict Resolution,3,Bachelor's Degree
Peace Studies and Conflict Resolution,5,Master's Degree
Peace Studies and Conflict Resolution,6,Doctoral Degree
"Philosophy and Religious Studies, Other",3,Bachelor's Degree
Finance and Financial Management Services,7,First Professional Degree
Management Sciences and Quantitative Methods,7,First Professional Degree
International Agriculture,3,Bachelor's Degree
Food Science and Technology,8,Graduate/Professional Certificate
Construction Engineering,3,Bachelor's Degree
Electromechanical Engineering,5,Master's Degree
Electromechanical Engineering,6,Doctoral Degree
Environmental Control Technologies/Technicians,5,Master's Degree
"Family and Consumer Sciences/Human Sciences, General",8,Graduate/Professional Certificate
Biotechnology,6,Doctoral Degree
Biotechnology,8,Graduate/Professional Certificate
Human Computer Interaction,5,Master's Degree
Human Computer Interaction,6,Doctoral Degree
Human Computer Interaction,8,Graduate/Professional Certificate
Criminal Justice and Corrections,8,Graduate/Professional Certificate
Design and Applied Arts,8,Graduate/Professional Certificate
Medical Illustration and Informatics,3,Bachelor's Degree
Entrepreneurial and Small Business Operations,8,Graduate/Professional Certificate
Hospitality Administration/Management,6,Doctoral Degree
"Specialized Sales, Merchandising and Marketing Operations",5,Master's Degree
Journalism,1,Undergraduate Certificate or Diploma
Journalism,6,Doctoral Degree
"Teacher Education and Professional Development, Specific Levels and Methods",1,Undergraduate Certificate or Diploma
Teaching English or French as a Second or Foreign Language,3,Bachelor's Degree
"Engineering, General",1,Undergraduate Certificate or Diploma
"Engineering, General",8,Graduate/Professional Certificate
Mechanical Engineering,1,Undergraduate Certificate or Diploma
American Sign Language,8,Graduate/Professional Certificate
"English Language and Literature/Letters, Other",1,Undergraduate Certificate or Diploma
"English Language and Literature/Letters, Other",5,Master's Degree
"English Language and Literature/Letters, Other",8,Graduate/Professional Certificate
"Library Science, Other",8,Graduate/Professional Certificate
"Biomathematics, Bioinformatics, and Computational Biology",1,Undergraduate Certificate or Diploma
Gerontology,1,Undergraduate Certificate or Diploma
Museology/Museum Studies,1,Undergraduate Certificate or Diploma
Nutrition Sciences,8,Graduate/Professional Certificate
Intercultural/Multicultural and Diversity Studies,8,Graduate/Professional Certificate
Cognitive Science,8,Graduate/Professional Certificate
"Multi/Interdisciplinary Studies, Other",1,Undergraduate Certificate or Diploma
Personal Awareness and Self-Improvement,1,Undergraduate Certificate or Diploma
Religious/Sacred Music,8,Graduate/Professional Certificate
International Relations and National Security Studies,8,Graduate/Professional Certificate
"Visual and Performing Arts, Other",1,Undergraduate Certificate or Diploma
"Visual and Performing Arts, Other",8,Graduate/Professional Certificate
Advanced/Graduate Dentistry and Oral Sciences,1,Undergraduate Certificate or Diploma
"Allied Health Diagnostic, Intervention, and Treatment Professions",8,Graduate/Professional Certificate
Podiatric Medicine/Podiatry,3,Bachelor's Degree
Insurance,1,Undergraduate Certificate or Diploma
Insurance,8,Graduate/Professional Certificate
Architectural History and Criticism,3,Bachelor's Degree
Non-Professional General Legal Studies (Undergraduate),7,First Professional Degree
Non-Professional General Legal Studies (Undergraduate),8,Graduate/Professional Certificate
Biological and Physical Sciences,8,Graduate/Professional Certificate
Behavioral Sciences,3,Bachelor's Degree
Behavioral Sciences,6,Doctoral Degree
International/Global Studies,8,Graduate/Professional Certificate
Animal Sciences,1,Undergraduate Certificate or Diploma
Food Science and Technology,1,Undergraduate Certificate or Diploma
Environmental Design,6,Doctoral Degree
"Engineering Technology, General",2,Associate's Degree
Industrial Production Technologies/Technicians,1,Undergraduate Certificate or Diploma
Family and Consumer Economics and Related Studies,8,Graduate/Professional Certificate
Zoology/Animal Biology,8,Graduate/Professional Certificate
Dispute Resolution,1,Undergraduate Certificate or Diploma
Vehicle Maintenance and Repair Technologies,1,Undergraduate Certificate or Diploma
Vehicle Maintenance and Repair Technologies,2,Associate's Degree
Vehicle Maintenance and Repair Technologies,3,Bachelor's Degree
Air Transportation,1,Undergraduate Certificate or Diploma
Air Transportation,2,Associate's Degree
Dance,1,Undergraduate Certificate or Diploma
Human Resources Management and Services,1,Undergraduate Certificate or Diploma
"Communications Technologies/Technicians and Support Services, Other",5,Master's Degree
Industrial Engineering,1,Undergraduate Certificate or Diploma
Manufacturing Engineering,8,Graduate/Professional Certificate
Family and Consumer Sciences/Human Sciences Business Services,5,Master's Degree
"Multi-/Interdisciplinary Studies, General",1,Undergraduate Certificate or Diploma
Peace Studies and Conflict Resolution,1,Undergraduate Certificate or Diploma
Health-Related Knowledge and Skills,8,Graduate/Professional Certificate
Chemistry,8,Graduate/Professional Certificate
"Health Services/Allied Health/Health Sciences, General",1,Undergraduate Certificate or Diploma
Clinical/Medical Laboratory Science/Research and Allied Professions,6,Doctoral Degree
Audiovisual Communications Technologies/Technicians,3,Bachelor's Degree
Audiovisual Communications Technologies/Technicians,5,Master's Degree
Information Science/Studies,4,Post-baccalaureate Certificate
"Education, General",4,Post-baccalaureate Certificate
Engineering Mechanics,3,Bachelor's Degree
Systems Engineering,4,Post-baccalaureate Certificate
"Mechatronics, Robotics, and Automation Engineering",5,Master's Degree
Nanotechnology,6,Doctoral Degree
Nanotechnology,8,Graduate/Professional Certificate
Rhetoric and Composition/Writing Studies,4,Post-baccalaureate Certificate
Biotechnology,4,Post-baccalaureate Certificate
"Ecology, Evolution, Systematics, and Population Biology",4,Post-baccalaureate Certificate
Cognitive Science,5,Master's Degree
Cognitive Science,6,Doctoral Degree
"Psychology, Other",5,Master's Degree
Anthropology,1,Undergraduate Certificate or Diploma
International Relations and National Security Studies,4,Post-baccalaureate Certificate
Political Science and Government,4,Post-baccalaureate Certificate
Music,4,Post-baccalaureate Certificate
Health and Medical Administrative Services,4,Post-baccalaureate Certificate
Medical Illustration and Informatics,4,Post-baccalaureate Certificate
Bioethics/Medical Ethics,4,Post-baccalaureate Certificate
Finance and Financial Management Services,4,Post-baccalaureate Certificate
Religious Education,6,Doctoral Degree
Business Operations Support and Assistant Services,5,Master's Degree
Computer/Information Technology Administration and Management,1,Undergraduate Certificate or Diploma
Culinary Arts and Related Services,5,Master's Degree
"Bilingual, Multilingual, and Multicultural Education",3,Bachelor's Degree
"Educational Assessment, Evaluation, and Research",1,Undergraduate Certificate or Diploma
"Education, Other",1,Undergraduate Certificate or Diploma
Computer Engineering,1,Undergraduate Certificate or Diploma
Manufacturing Engineering,6,Doctoral Degree
Computer Engineering Technologies/Technicians,1,Undergraduate Certificate or Diploma
Legal Support Services,3,Bachelor's Degree
"English Language and Literature/Letters, Other",6,Doctoral Degree
Pharmacology and Toxicology,1,Undergraduate Certificate or Diploma
"Mathematics and Statistics, Other",1,Undergraduate Certificate or Diploma
Systems Science and Theory,3,Bachelor's Degree
Systems Science and Theory,5,Master's Degree
Classical and Ancient Studies,5,Master's Degree
Classical and Ancient Studies,6,Doctoral Degree
Bible/Biblical Studies,6,Doctoral Degree
"Theology and Religious Vocations, Other",1,Undergraduate Certificate or Diploma
Counseling Psychology,3,Bachelor's Degree
Criminal Justice and Corrections,1,Undergraduate Certificate or Diploma
Social Work,1,Undergraduate Certificate or Diploma
"Public Administration and Social Service Professions, Other",1,Undergraduate Certificate or Diploma
"Public Administration and Social Service Professions, Other",6,Doctoral Degree
Archeology,6,Doctoral Degree
International Relations and National Security Studies,1,Undergraduate Certificate or Diploma
Drama/Theatre Arts and Stagecraft,4,Post-baccalaureate Certificate
Clinical/Medical Laboratory Science/Research and Allied Professions,1,Undergraduate Certificate or Diploma
Mental and Social Health Services and Allied Professions,1,Undergraduate Certificate or Diploma
Medical Illustration and Informatics,1,Undergraduate Certificate or Diploma
Alternative and Complementary Medicine and Medical Systems,1,Undergraduate Certificate or Diploma
Marketing,1,Undergraduate Certificate or Diploma
"Business, Management, Marketing, and Related Support Services, Other",1,Undergraduate Certificate or Diploma
"Business, Management, Marketing, and Related Support Services, Other",6,Doctoral Degree
"Computer and Information Sciences and Support Services, Other",5,Master's Degree
"Computer and Information Sciences and Support Services, Other",8,Graduate/Professional Certificate
Architectural Sciences and Technology,6,Doctoral Degree
Architecture,7,First Professional Degree
Graphic Communications,5,Master's Degree
Computer Software and Media Applications,8,Graduate/Professional Certificate
Electrical Engineering Technologies/Technicians,2,Associate's Degree
Electrical Engineering Technologies/Technicians,3,Bachelor's Degree
Mechanical Engineering Related Technologies/Technicians,2,Associate's Degree
Mechanical Engineering Related Technologies/Technicians,3,Bachelor's Degree
Computer Engineering Technologies/Technicians,2,Associate's Degree
Computer Engineering Technologies/Technicians,3,Bachelor's Degree
American Sign Language,3,Bachelor's Degree
American Sign Language,5,Master's Degree
"Foreign Languages, Literatures, and Linguistics, Other",3,Bachelor's Degree
"Homeland Security, Law Enforcement, Firefighting and Related Protective Services, Other",8,Graduate/Professional Certificate
"Human Services, General",5,Master's Degree
"Public Administration and Social Service Professions, Other",3,Bachelor's Degree
"Business/Commerce, General",2,Associate's Degree
Finance and Financial Management Services,2,Associate's Degree
Human Resources Management and Services,2,Associate's Degree
Management Information Systems and Services,2,Associate's Degree
"Engineering Technology, General",8,Graduate/Professional Certificate
Industrial Production Technologies/Technicians,8,Graduate/Professional Certificate
"Engineering Technologies/Technicians, Other",8,Graduate/Professional Certificate
Biopsychology,3,Bachelor's Degree
Cultural Studies/Critical Theory and Analysis,3,Bachelor's Degree
Human Computer Interaction,3,Bachelor's Degree
Fine and Studio Arts,1,Undergraduate Certificate or Diploma
Fine and Studio Arts,4,Post-baccalaureate Certificate
Veterinary Biomedical and Clinical Sciences,7,First Professional Degree
Communications Technology/Technician,3,Bachelor's Degree
Family and Consumer Sciences/Human Sciences Business Services,6,Doctoral Degree
Electrical and Power Transmission Installers,1,Undergraduate Certificate or Diploma
Osteopathic Medicine/Osteopathy,7,First Professional Degree
"Public Relations, Advertising, and Applied Communication",6,Doctoral Degree
"Communication, Journalism, and Related Programs, Other",6,Doctoral Degree
Computer Systems Networking and Telecommunications,3,Bachelor's Degree
"Electrical, Electronics and Communications Engineering",1,Undergraduate Certificate or Diploma
Surveying Engineering,3,Bachelor's Degree
Electromechanical Engineering,1,Undergraduate Certificate or Diploma
Electromechanical Engineering,8,Graduate/Professional Certificate
Electromechanical Instrumentation and Maintenance Technologies/Technicians,2,Associate's Degree
Mechanical Engineering Related Technologies/Technicians,8,Graduate/Professional Certificate
"East Asian Languages, Literatures, and Linguistics",1,Undergraduate Certificate or Diploma
"Germanic Languages, Literatures, and Linguistics",1,Undergraduate Certificate or Diploma
"Romance Languages, Literatures, and Linguistics",1,Undergraduate Certificate or Diploma
Construction Management,3,Bachelor's Degree
Engineering Chemistry,3,Bachelor's Degree
Sociology and Anthropology,3,Bachelor's Degree
Business/Managerial Economics,8,Graduate/Professional Certificate
Funeral Service and Mortuary Science,3,Bachelor's Degree
Systems Engineering,1,Undergraduate Certificate or Diploma
Polymer/Plastics Engineering,8,Graduate/Professional Certificate
"Engineering Technology, General",5,Master's Degree
Electromechanical Instrumentation and Maintenance Technologies/Technicians,3,Bachelor's Degree
Nanotechnology,1,Undergraduate Certificate or Diploma
Peace Studies and Conflict Resolution,8,Graduate/Professional Certificate
Computational Science,8,Graduate/Professional Certificate
"Clinical, Counseling and Applied Psychology",1,Undergraduate Certificate or Diploma
Mental and Social Health Services and Allied Professions,7,First Professional Degree
Alternative and Complementary Medicine and Medical Systems,8,Graduate/Professional Certificate
Accounting and Related Services,4,Post-baccalaureate Certificate
Data Processing,3,Bachelor's Degree
"Computer and Information Sciences and Support Services, Other",6,Doctoral Degree
Architectural Engineering Technologies/Technicians,3,Bachelor's Degree
Dietetics and Clinical Nutrition Services,1,Undergraduate Certificate or Diploma
Business/Managerial Economics,4,Post-baccalaureate Certificate
Data Processing,5,Master's Degree
Data Processing,8,Graduate/Professional Certificate
Computer Systems Analysis,8,Graduate/Professional Certificate
Computer Systems Networking and Telecommunications,8,Graduate/Professional Certificate
Ceramic Sciences and Engineering,3,Bachelor's Degree
Ceramic Sciences and Engineering,5,Master's Degree
Ceramic Sciences and Engineering,6,Doctoral Degree
Engineering Mechanics,8,Graduate/Professional Certificate
Mining and Mineral Engineering,1,Undergraduate Certificate or Diploma
Operations Research,8,Graduate/Professional Certificate
Dentistry,8,Graduate/Professional Certificate
Bioethics/Medical Ethics,6,Doctoral Degree
"Registered Nursing, Nursing Administration, Nursing Research and Clinical Nursing",1,Undergraduate Certificate or Diploma
"Public Relations, Advertising, and Applied Communication",2,Associate's Degree
Computer Science,1,Undergraduate Certificate or Diploma
Environmental Control Technologies/Technicians,3,Bachelor's Degree
"English Language and Literature, General",1,Undergraduate Certificate or Diploma
Mathematics,1,Undergraduate Certificate or Diploma
Mathematics,2,Associate's Degree
Theological and Ministerial Studies,1,Undergraduate Certificate or Diploma
Theological and Ministerial Studies,2,Associate's Degree
Theological and Ministerial Studies,8,Graduate/Professional Certificate
Pastoral Counseling and Specialized Ministries,1,Undergraduate Certificate or Diploma
"Psychology, General",1,Undergraduate Certificate or Diploma
"Health Services/Allied Health/Health Sciences, General",8,Graduate/Professional Certificate
Health and Medical Administrative Services,1,Undergraduate Certificate or Diploma
Dental Support Services and Allied Professions,4,Post-baccalaureate Certificate
Biological and Physical Sciences,5,Master's Degree
Operations Research,3,Bachelor's Degree
Demography and Population Studies,6,Doctoral Degree
"Agriculture, General",5,Master's Degree
Applied Horticulture and Horticultural Business Services,6,Doctoral Degree
International Agriculture,5,Master's Degree
Architectural History and Criticism,6,Doctoral Degree
Culinary Arts and Related Services,3,Bachelor's Degree
"Science, Technology and Society",5,Master's Degree
Community Organization and Advocacy,6,Doctoral Degree
Veterinary Medicine,6,Doctoral Degree
Publishing,5,Master's Degree
Communications Technology/Technician,5,Master's Degree
Communications Technology/Technician,6,Doctoral Degree
Communications Technology/Technician,8,Graduate/Professional Certificate
Audiovisual Communications Technologies/Technicians,8,Graduate/Professional Certificate
Computer/Information Technology Administration and Management,2,Associate's Degree
International and Comparative Education,6,Doctoral Degree
Construction Engineering,8,Graduate/Professional Certificate
"Linguistic, Comparative, and Related Language Studies and Services",1,Undergraduate Certificate or Diploma
"Slavic, Baltic and Albanian Languages, Literatures, and Linguistics",1,Undergraduate Certificate or Diploma
"Classics and Classical Languages, Literatures, and Linguistics",1,Undergraduate Certificate or Diploma
"Foreign Languages, Literatures, and Linguistics, Other",1,Undergraduate Certificate or Diploma
Literature,3,Bachelor's Degree
Literature,5,Master's Degree
Literature,6,Doctoral Degree
"Biology, General",1,Undergraduate Certificate or Diploma
"Biochemistry, Biophysics and Molecular Biology",1,Undergraduate Certificate or Diploma
"Ecology, Evolution, Systematics, and Population Biology",1,Undergraduate Certificate or Diploma
Neurobiology and Neurosciences,1,Undergraduate Certificate or Diploma
"Mathematics and Statistics, Other",8,Graduate/Professional Certificate
"Parks, Recreation and Leisure Facilities Management",6,Doctoral Degree
Religion/Religious Studies,1,Undergraduate Certificate or Diploma
Chemistry,1,Undergraduate Certificate or Diploma
Physics,1,Undergraduate Certificate or Diploma
Research and Experimental Psychology,1,Undergraduate Certificate or Diploma
"Psychology, Other",6,Doctoral Degree
Sociology,1,Undergraduate Certificate or Diploma
Electrical/Electronics Maintenance and Repair Technology,1,Undergraduate Certificate or Diploma
"Transportation and Materials Moving, Other",5,Master's Degree
"Transportation and Materials Moving, Other",8,Graduate/Professional Certificate
"Visual and Performing Arts, General",1,Undergraduate Certificate or Diploma
"Visual and Performing Arts, General",8,Graduate/Professional Certificate
Dance,6,Doctoral Degree
Film/Video and Photographic Arts,1,Undergraduate Certificate or Diploma
"Visual and Performing Arts, Other",6,Doctoral Degree
Advanced/Graduate Dentistry and Oral Sciences,7,First Professional Degree
Dental Support Services and Allied Professions,1,Undergraduate Certificate or Diploma
Allied Health and Medical Assisting Services,2,Associate's Degree
Clinical/Medical Laboratory Science/Research and Allied Professions,2,Associate's Degree
"Practical Nursing, Vocational Nursing and Nursing Assistants",6,Doctoral Degree
"Practical Nursing, Vocational Nursing and Nursing Assistants",8,Graduate/Professional Certificate
"Health Professions and Related Clinical Sciences, Other",2,Associate's Degree
International Business,6,Doctoral Degree
"General Sales, Merchandising and Related Marketing Operations",6,Doctoral Degree
"General Sales, Merchandising and Related Marketing Operations",8,Graduate/Professional Certificate
History,1,Undergraduate Certificate or Diploma
"Architecture and Related Services, Other",6,Doctoral Degree
Environmental Control Technologies/Technicians,8,Graduate/Professional Certificate
Computer Engineering Technologies/Technicians,5,Master's Degree
Computer Engineering Technologies/Technicians,6,Doctoral Degree
"Multi-/Interdisciplinary Studies, General",6,Doctoral Degree
Materials Sciences,8,Graduate/Professional Certificate
"Visual and Performing Arts, General",6,Doctoral Degree
Graphic Communications,4,Post-baccalaureate Certificate
Graphic Communications,8,Graduate/Professional Certificate
"Computer and Information Sciences, General",2,Associate's Degree
Computer Software and Media Applications,4,Post-baccalaureate Certificate
"Engineering, General",2,Associate's Degree
"Mechatronics, Robotics, and Automation Engineering",1,Undergraduate Certificate or Diploma
Civil Engineering Technologies/Technicians,3,Bachelor's Degree
Electrical Engineering Technologies/Technicians,5,Master's Degree
Drafting/Design Engineering Technologies/Technicians,2,Associate's Degree
Museology/Museum Studies,3,Bachelor's Degree
Sustainability Studies,6,Doctoral Degree
Physical Sciences,6,Doctoral Degree
"Science Technologies/Technicians, General",2,Associate's Degree
"Psychology, Other",4,Post-baccalaureate Certificate
Precision Metal Working,2,Associate's Degree
Woodworking,2,Associate's Degree
Woodworking,3,Bachelor's Degree
Woodworking,5,Master's Degree
Design and Applied Arts,2,Associate's Degree
Business Operations Support and Assistant Services,2,Associate's Degree
Hospitality Administration/Management,2,Associate's Degree
Special Education and Teaching,1,Undergraduate Certificate or Diploma
Religious/Sacred Music,3,Bachelor's Degree
"Health Services/Allied Health/Health Sciences, General",6,Doctoral Degree
Computer Systems Networking and Telecommunications,4,Post-baccalaureate Certificate
Computer/Information Technology Administration and Management,4,Post-baccalaureate Certificate
"Computer and Information Sciences and Support Services, Other",4,Post-baccalaureate Certificate
Student Counseling and Personnel Services,4,Post-baccalaureate Certificate
"Education, Other",4,Post-baccalaureate Certificate
"American Indian/Native American Languages, Literatures, and Linguistics",1,Undergraduate Certificate or Diploma
"Foods, Nutrition, and Related Services",4,Post-baccalaureate Certificate
"Legal Professions and Studies, Other",4,Post-baccalaureate Certificate
"Library Science, Other",4,Post-baccalaureate Certificate
Peace Studies and Conflict Resolution,4,Post-baccalaureate Certificate
Dispute Resolution,4,Post-baccalaureate Certificate
Sustainability Studies,4,Post-baccalaureate Certificate
"Homeland Security, Law Enforcement, Firefighting and Related Protective Services, Other",1,Undergraduate Certificate or Diploma
"Homeland Security, Law Enforcement, Firefighting and Related Protective Services, Other",4,Post-baccalaureate Certificate
"Middle/Near Eastern and Semitic Languages, Literatures, and Linguistics",2,Associate's Degree
Religion/Religious Studies,2,Associate's Degree
"Natural Resources and Conservation, Other",4,Post-baccalaureate Certificate
International and Comparative Education,3,Bachelor's Degree
"Engineering, General",4,Post-baccalaureate Certificate
Biomedical/Medical Engineering,4,Post-baccalaureate Certificate
"Biochemistry, Biophysics and Molecular Biology",4,Post-baccalaureate Certificate
Cell/Cellular Biology and Anatomical Sciences,4,Post-baccalaureate Certificate
Genetics,4,Post-baccalaureate Certificate
Philosophy,4,Post-baccalaureate Certificate
Religious Education,8,Graduate/Professional Certificate
"Science Technologies/Technicians, Other",4,Post-baccalaureate Certificate
Research and Experimental Psychology,4,Post-baccalaureate Certificate
Demography and Population Studies,8,Graduate/Professional Certificate
"Health Professions and Related Clinical Sciences, Other",7,First Professional Degree
Entrepreneurial and Small Business Operations,7,First Professional Degree
"City/Urban, Community and Regional Planning",1,Undergraduate Certificate or Diploma
"Education, General",1,Undergraduate Certificate or Diploma
"Iranian/Persian Languages, Literatures, and Linguistics",3,Bachelor's Degree
Applied Mathematics,1,Undergraduate Certificate or Diploma
Marine Sciences,3,Bachelor's Degree
Personal Awareness and Self-Improvement,8,Graduate/Professional Certificate
Public Policy Analysis,1,Undergraduate Certificate or Diploma
Advanced/Graduate Dentistry and Oral Sciences,3,Bachelor's Degree
Movement and Mind-Body Therapies and Education,5,Master's Degree
Movement and Mind-Body Therapies and Education,6,Doctoral Degree
Computer Systems Networking and Telecommunications,6,Doctoral Degree
Apparel and Textiles,8,Graduate/Professional Certificate
Dance,8,Graduate/Professional Certificate
Bioethics/Medical Ethics,7,First Professional Degree
Dental Residency Programs,4,Post-baccalaureate Certificate
Computer Programming,2,Associate's Degree
Computer Programming,8,Graduate/Professional Certificate
Data Processing,2,Associate's Degree
Civil Engineering Technologies/Technicians,1,Undergraduate Certificate or Diploma
Environmental Control Technologies/Technicians,2,Associate's Degree
Computer Engineering Technologies/Technicians,8,Graduate/Professional Certificate
Legal Support Services,1,Undergraduate Certificate or Diploma
Legal Support Services,2,Associate's Degree
Legal Support Services,4,Post-baccalaureate Certificate
Legal Support Services,8,Graduate/Professional Certificate
"Legal Professions and Studies, Other",1,Undergraduate Certificate or Diploma
Health-Related Knowledge and Skills,1,Undergraduate Certificate or Diploma
"Pharmacy, Pharmaceutical Sciences, and Administration",1,Undergraduate Certificate or Diploma
"General Sales, Merchandising and Related Marketing Operations",2,Associate's Degree
Wildlife and Wildlands Science and Management,8,Graduate/Professional Certificate
Forest Engineering,3,Bachelor's Degree
Forest Engineering,5,Master's Degree
Forest Engineering,6,Doctoral Degree
"Mechatronics, Robotics, and Automation Engineering",6,Doctoral Degree
Natural Sciences,8,Graduate/Professional Certificate
"Architecture and Related Services, Other",8,Graduate/Professional Certificate
"Arts, Entertainment,and Media Management",6,Doctoral Degree
"Turkic, Uralic-Altaic, Caucasian, and Central Asian Languages, Literatures, and Linguistics",3,Bachelor's Degree
"Turkic, Uralic-Altaic, Caucasian, and Central Asian Languages, Literatures, and Linguistics",8,Graduate/Professional Certificate
Criminal Justice and Corrections,4,Post-baccalaureate Certificate
Computer/Information Technology Administration and Management,6,Doctoral Degree
Construction Engineering,6,Doctoral Degree
"Mechatronics, Robotics, and Automation Engineering",3,Bachelor's Degree
Drafting/Design Engineering Technologies/Technicians,5,Master's Degree
Drafting/Design Engineering Technologies/Technicians,6,Doctoral Degree
Nanotechnology,3,Bachelor's Degree
"Foreign Languages, Literatures, and Linguistics, Other",6,Doctoral Degree
Entrepreneurial and Small Business Operations,6,Doctoral Degree
Telecommunications Management,5,Master's Degree
Telecommunications Management,6,Doctoral Degree
"Personal and Culinary Services, Other",3,Bachelor's Degree
Electromechanical Instrumentation and Maintenance Technologies/Technicians,8,Graduate/Professional Certificate
"English Language and Literature/Letters, Other",4,Post-baccalaureate Certificate
"Science, Technology and Society",1,Undergraduate Certificate or Diploma
Basic Skills and Developmental/Remedial Education,8,Graduate/Professional Certificate
Leisure and Recreational Activities,3,Bachelor's Degree
"Allied Health Diagnostic, Intervention, and Treatment Professions",4,Post-baccalaureate Certificate
Rehabilitation and Therapeutic Professions,1,Undergraduate Certificate or Diploma
Marketing,4,Post-baccalaureate Certificate
Real Estate,1,Undergraduate Certificate or Diploma
"Specialized Sales, Merchandising and Marketing Operations",1,Undergraduate Certificate or Diploma
Construction Management,1,Undergraduate Certificate or Diploma
Construction Management,4,Post-baccalaureate Certificate
Environmental Design,1,Undergraduate Certificate or Diploma
Landscape Architecture,1,Undergraduate Certificate or Diploma
Architectural Sciences and Technology,1,Undergraduate Certificate or Diploma
"Computer and Information Sciences, General",7,First Professional Degree
Nanotechnology,5,Master's Degree
"English Language and Literature, General",2,Associate's Degree
Criminology,7,First Professional Degree
Political Science and Government,7,First Professional Degree
Design and Applied Arts,1,Undergraduate Certificate or Diploma
Dentistry,6,Doctoral Degree
Medical Clinical Sciences/Graduate Medical Studies,7,First Professional Degree
Applied Horticulture and Horticultural Business Services,2,Associate's Degree
Computer Programming,1,Undergraduate Certificate or Diploma
"Middle/Near Eastern and Semitic Languages, Literatures, and Linguistics",1,Undergraduate Certificate or Diploma
Genetics,1,Undergraduate Certificate or Diploma
"Parks, Recreation and Leisure Studies",1,Undergraduate Certificate or Diploma
"Parks, Recreation and Leisure Facilities Management",1,Undergraduate Certificate or Diploma
Music,7,First Professional Degree
Podiatric Medicine/Podiatry,7,First Professional Degree
Podiatric Medicine/Podiatry,8,Graduate/Professional Certificate
Human Biology,6,Doctoral Degree
Manufacturing Engineering,1,Undergraduate Certificate or Diploma
"Parks, Recreation and Leisure Studies",8,Graduate/Professional Certificate
"Parks, Recreation and Leisure Facilities Management",8,Graduate/Professional Certificate
Computer Systems Analysis,3,Bachelor's Degree
Surveying Engineering,5,Master's Degree
Surveying Engineering,6,Doctoral Degree
Optometry,7,First Professional Degree
Business/Corporate Communications,3,Bachelor's Degree
"American Indian/Native American Languages, Literatures, and Linguistics",8,Graduate/Professional Certificate
"Turkic, Uralic-Altaic, Caucasian, and Central Asian Languages, Literatures, and Linguistics",5,Master's Degree
"Turkic, Uralic-Altaic, Caucasian, and Central Asian Languages, Literatures, and Linguistics",6,Doctoral Degree
"Family and Consumer Sciences/Human Sciences, Other",8,Graduate/Professional Certificate
"Biochemistry, Biophysics and Molecular Biology",7,First Professional Degree
Mathematics and Computer Science,8,Graduate/Professional Certificate
Leisure and Recreational Activities,5,Master's Degree
Criminology,1,Undergraduate Certificate or Diploma
Criminology,8,Graduate/Professional Certificate
Systems Science and Theory,8,Graduate/Professional Certificate
"Science, Technology and Society",8,Graduate/Professional Certificate
"Engineering, General",7,First Professional Degree
"Engineering Technologies/Technicians, Other",3,Bachelor's Degree
Literature,8,Graduate/Professional Certificate
Marine Sciences,1,Undergraduate Certificate or Diploma
Engineering-Related Technologies,1,Undergraduate Certificate or Diploma
"Romance Languages, Literatures, and Linguistics",7,First Professional Degree
"Physiology, Pathology and Related Sciences",7,First Professional Degree
